[
  {
    "id": 1433,
    "date": "2025-01-04",
    "first_round_shooting_time": "3:15 PM",
    "second_round_shooting_time": "4:15 PM",
    "first_round": "89",
    "second_round": "15"
  },
  {
    "id": 1432,
    "date": "2025-01-03",
    "first_round_shooting_time": "3:15 PM",
    "second_round_shooting_time": "4:15 PM",
    "first_round": "12",
    "second_round": "96"
  },
  {
    "id": 1431,
    "date": "2025-01-02",
    "first_round_shooting_time": "3:15 PM",
    "second_round_shooting_time": "4:15 PM",
    "first_round": "64",
    "second_round": "92"
  },
  {
    "id": 1430,
    "date": "2025-01-01",
    "first_round_shooting_time": "3:15 PM",
    "second_round_shooting_time": "4:15 PM",
    "first_round": "80",
    "second_round": "37"
  },
  {
    "id": 1429,
    "date": "2024-12-31",
    "first_round_shooting_time": "3:15 PM",
    "second_round_shooting_time": "4:15 PM",
    "first_round": "12",
    "second_round": "88"
  },
  {
    "id": 1428,
    "date": "2024-12-30",
    "first_round_shooting_time": "3:15  PM",
    "second_round_shooting_time": "4:15 PM",
    "first_round": "26",
    "second_round": "73"
  },
  {
    "id": 1427,
    "date": "2024-12-28",
    "first_round_shooting_time": "3:15 PM",
    "second_round_shooting_time": "4:15 PM",
    "first_round": "41",
    "second_round": "10"
  },
  {
    "id": 1426,
    "date": "2024-12-27",
    "first_round_shooting_time": "3:15 PM",
    "second_round_shooting_time": "4:15 PM",
    "first_round": "53",
    "second_round": "02"
  },
  {
    "id": 1425,
    "date": "2024-12-26",
    "first_round_shooting_time": "3:15 PM",
    "second_round_shooting_time": "4:15 PM",
    "first_round": "35",
    "second_round": "28"
  },
  {
    "id": 1424,
    "date": "2024-12-25",
    "first_round_shooting_time": "3:15 PM",
    "second_round_shooting_time": "4:15 PM",
    "first_round": "12",
    "second_round": "26"
  },
  {
    "id": 1423,
    "date": "2024-12-24",
    "first_round_shooting_time": "3:15 PM",
    "second_round_shooting_time": "4:15 PM",
    "first_round": "80",
    "second_round": "02"
  },
  {
    "id": 1422,
    "date": "2024-12-23",
    "first_round_shooting_time": "3:15 PM",
    "second_round_shooting_time": "4:15 PM",
    "first_round": "87",
    "second_round": "45"
  },
  {
    "id": 1421,
    "date": "2024-12-21",
    "first_round_shooting_time": "3:15 PM",
    "second_round_shooting_time": "4:15 PM",
    "first_round": "38",
    "second_round": "05"
  },
  {
    "id": 1420,
    "date": "2024-12-20",
    "first_round_shooting_time": "3:15 PM",
    "second_round_shooting_time": "4:15 PM",
    "first_round": "56",
    "second_round": "51"
  },
  {
    "id": 1419,
    "date": "2024-12-19",
    "first_round_shooting_time": "3:15 PM",
    "second_round_shooting_time": "4:15 PM",
    "first_round": "63",
    "second_round": "52"
  },
  {
    "id": 1418,
    "date": "2024-12-18",
    "first_round_shooting_time": "3:15 PM",
    "second_round_shooting_time": "4:15 PM",
    "first_round": "34",
    "second_round": "37"
  },
  {
    "id": 1417,
    "date": "2024-12-17",
    "first_round_shooting_time": "3:15 PM",
    "second_round_shooting_time": "4:15 PM",
    "first_round": "60",
    "second_round": "95"
  },
  {
    "id": 1416,
    "date": "2024-12-16",
    "first_round_shooting_time": "4:15 PM",
    "second_round_shooting_time": "3:15 PM",
    "first_round": "61",
    "second_round": "04"
  },
  {
    "id": 1415,
    "date": "2024-12-14",
    "first_round_shooting_time": "3:15 PM",
    "second_round_shooting_time": "4:15 PM",
    "first_round": "36",
    "second_round": "04"
  },
  {
    "id": 1414,
    "date": "2024-12-13",
    "first_round_shooting_time": "3:15 PM",
    "second_round_shooting_time": "4:15 PM",
    "first_round": "93",
    "second_round": "37"
  },
  {
    "id": 1413,
    "date": "2024-12-12",
    "first_round_shooting_time": "3:15 PM",
    "second_round_shooting_time": "4:15 PM",
    "first_round": "75",
    "second_round": "58"
  },
  {
    "id": 1412,
    "date": "2024-12-11",
    "first_round_shooting_time": "3:15 PM",
    "second_round_shooting_time": "4:15 PM",
    "first_round": "31",
    "second_round": "76"
  },
  {
    "id": 1411,
    "date": "2024-12-10",
    "first_round_shooting_time": "3:15 PM",
    "second_round_shooting_time": "4:15 PM",
    "first_round": "55",
    "second_round": "37"
  },
  {
    "id": 1410,
    "date": "2024-12-09",
    "first_round_shooting_time": "3:15 PM",
    "second_round_shooting_time": "4:15 PM",
    "first_round": "12",
    "second_round": "30"
  },
  {
    "id": 1409,
    "date": "2024-12-07",
    "first_round_shooting_time": "3:15 PM",
    "second_round_shooting_time": "4:15 PM",
    "first_round": "78",
    "second_round": "27"
  },
  {
    "id": 1408,
    "date": "2024-12-06",
    "first_round_shooting_time": "3:15 PM",
    "second_round_shooting_time": "4:15 PM",
    "first_round": "95",
    "second_round": "41"
  },
  {
    "id": 1407,
    "date": "2024-12-05",
    "first_round_shooting_time": "3:15 PM",
    "second_round_shooting_time": "4:15 PM",
    "first_round": "75",
    "second_round": "45"
  },
  {
    "id": 1406,
    "date": "2024-12-04",
    "first_round_shooting_time": "3:15 PM",
    "second_round_shooting_time": "4:15 PM",
    "first_round": "38",
    "second_round": "70"
  },
  {
    "id": 1405,
    "date": "2024-12-03",
    "first_round_shooting_time": "3:15 PM",
    "second_round_shooting_time": "4:15 PM",
    "first_round": "34",
    "second_round": "75"
  },
  {
    "id": 1404,
    "date": "2024-12-02",
    "first_round_shooting_time": "3:15 PM",
    "second_round_shooting_time": "4:15 PM",
    "first_round": "44",
    "second_round": "16"
  },
  {
    "id": 1403,
    "date": "2024-11-30",
    "first_round_shooting_time": "3:30 PM",
    "second_round_shooting_time": "4:30 PM",
    "first_round": "70",
    "second_round": "75"
  },
  {
    "id": 1402,
    "date": "2024-11-29",
    "first_round_shooting_time": "3:30 PM",
    "second_round_shooting_time": "4:30 PM",
    "first_round": "37",
    "second_round": "57"
  },
  {
    "id": 1401,
    "date": "2024-11-28",
    "first_round_shooting_time": "3:30 PM",
    "second_round_shooting_time": "4:30 PM",
    "first_round": "96",
    "second_round": "44"
  },
  {
    "id": 1400,
    "date": "2024-11-27",
    "first_round_shooting_time": "3:30 PM",
    "second_round_shooting_time": "4:30 PM",
    "first_round": "53",
    "second_round": "42"
  },
  {
    "id": 1399,
    "date": "2024-11-26",
    "first_round_shooting_time": "3:30 PM",
    "second_round_shooting_time": "4:30 PM",
    "first_round": "63",
    "second_round": "92"
  },
  {
    "id": 1398,
    "date": "2024-11-25",
    "first_round_shooting_time": "3:30 PM",
    "second_round_shooting_time": "4:30 PM",
    "first_round": "27",
    "second_round": "76"
  },
  {
    "id": 1397,
    "date": "2024-11-23",
    "first_round_shooting_time": "3:30 PM",
    "second_round_shooting_time": "4:30 PM",
    "first_round": "16",
    "second_round": "41"
  },
  {
    "id": 1396,
    "date": "2024-11-22",
    "first_round_shooting_time": "3:30 PM",
    "second_round_shooting_time": "4:40 PM",
    "first_round": "06",
    "second_round": "16"
  },
  {
    "id": 1395,
    "date": "2024-11-21",
    "first_round_shooting_time": "3:30 PM",
    "second_round_shooting_time": "4:30 PM",
    "first_round": "34",
    "second_round": "25"
  },
  {
    "id": 1394,
    "date": "2024-11-20",
    "first_round_shooting_time": "3:30 PM",
    "second_round_shooting_time": "4:30 PM",
    "first_round": "53",
    "second_round": "78"
  },
  {
    "id": 1393,
    "date": "2024-11-19",
    "first_round_shooting_time": "3:30 PM",
    "second_round_shooting_time": "4:30 PM",
    "first_round": "57",
    "second_round": "64"
  },
  {
    "id": 1392,
    "date": "2024-11-18",
    "first_round_shooting_time": "3:30 PM",
    "second_round_shooting_time": "4:30 PM",
    "first_round": "34",
    "second_round": "66"
  },
  {
    "id": 1391,
    "date": "2024-11-16",
    "first_round_shooting_time": "3:30 PM",
    "second_round_shooting_time": "4:30 PM",
    "first_round": "44",
    "second_round": "18"
  },
  {
    "id": 1390,
    "date": "2024-11-15",
    "first_round_shooting_time": "3:30 PM",
    "second_round_shooting_time": "4:30 PM",
    "first_round": "33",
    "second_round": "23"
  },
  {
    "id": 1389,
    "date": "2024-11-14",
    "first_round_shooting_time": "3:30 PM",
    "second_round_shooting_time": "4:30 PM",
    "first_round": "05",
    "second_round": "93"
  },
  {
    "id": 1388,
    "date": "2024-11-13",
    "first_round_shooting_time": "3:30 PM",
    "second_round_shooting_time": "4:30 PM",
    "first_round": "35",
    "second_round": "66"
  },
  {
    "id": 1387,
    "date": "2024-11-12",
    "first_round_shooting_time": "3:30 PM",
    "second_round_shooting_time": "4:30 PM",
    "first_round": "83",
    "second_round": "28"
  },
  {
    "id": 1386,
    "date": "2024-11-11",
    "first_round_shooting_time": "3:30 PM",
    "second_round_shooting_time": "4:30 PM",
    "first_round": "99",
    "second_round": "90"
  },
  {
    "id": 1385,
    "date": "2024-11-09",
    "first_round_shooting_time": "3:30 PM",
    "second_round_shooting_time": "4:30 PM",
    "first_round": "93",
    "second_round": "28"
  },
  {
    "id": 1384,
    "date": "2024-11-08",
    "first_round_shooting_time": "3:30 PM",
    "second_round_shooting_time": "4:30 PM",
    "first_round": "41",
    "second_round": "63"
  },
  {
    "id": 1383,
    "date": "2024-11-07",
    "first_round_shooting_time": "3:30 PM",
    "second_round_shooting_time": "4:30 PM",
    "first_round": "35",
    "second_round": "62"
  },
  {
    "id": 1382,
    "date": "2024-11-06",
    "first_round_shooting_time": "3:30 PM",
    "second_round_shooting_time": "4:30 PM",
    "first_round": "37",
    "second_round": "38"
  },
  {
    "id": 1381,
    "date": "2024-11-05",
    "first_round_shooting_time": "3:30 PM",
    "second_round_shooting_time": "4:30 PM",
    "first_round": "38",
    "second_round": "01"
  },
  {
    "id": 1380,
    "date": "2024-11-04",
    "first_round_shooting_time": "3:30 PM",
    "second_round_shooting_time": "4:30 PM",
    "first_round": "09",
    "second_round": "82"
  },
  {
    "id": 1379,
    "date": "2024-11-02",
    "first_round_shooting_time": "3:30 PM",
    "second_round_shooting_time": "4:30 PM",
    "first_round": "50",
    "second_round": "28"
  },
  {
    "id": 1378,
    "date": "2024-11-01",
    "first_round_shooting_time": "3:30 PM",
    "second_round_shooting_time": "4:30 PM",
    "first_round": "55",
    "second_round": "21"
  },
  {
    "id": 1377,
    "date": "2024-10-31",
    "first_round_shooting_time": "3:30 PM",
    "second_round_shooting_time": "4:30 PM",
    "first_round": "69",
    "second_round": "71"
  },
  {
    "id": 1376,
    "date": "2024-10-30",
    "first_round_shooting_time": "3:30 PM",
    "second_round_shooting_time": "4:30 PM",
    "first_round": "59",
    "second_round": "94"
  },
  {
    "id": 1375,
    "date": "2024-10-29",
    "first_round_shooting_time": "3:30 PM",
    "second_round_shooting_time": "4:30 PM",
    "first_round": "49",
    "second_round": "02"
  },
  {
    "id": 1374,
    "date": "2024-10-28",
    "first_round_shooting_time": "3:30 PM",
    "second_round_shooting_time": "4:40 pm",
    "first_round": "56",
    "second_round": "38"
  },
  {
    "id": 1373,
    "date": "2024-10-26",
    "first_round_shooting_time": "3:30 PM",
    "second_round_shooting_time": "4:30 PM",
    "first_round": "68",
    "second_round": "75"
  },
  {
    "id": 1372,
    "date": "2024-10-25",
    "first_round_shooting_time": "3:30 PM",
    "second_round_shooting_time": "4:30 PM",
    "first_round": "16",
    "second_round": "95"
  },
  {
    "id": 1371,
    "date": "2024-10-24",
    "first_round_shooting_time": "3:30 PM",
    "second_round_shooting_time": "4:30 PM",
    "first_round": "46",
    "second_round": "14"
  },
  {
    "id": 1370,
    "date": "2024-10-23",
    "first_round_shooting_time": "3:45 PM",
    "second_round_shooting_time": "4:45 PM",
    "first_round": "55",
    "second_round": "67"
  },
  {
    "id": 1369,
    "date": "2024-10-22",
    "first_round_shooting_time": "3:45 PM",
    "second_round_shooting_time": "4:45 PM",
    "first_round": "63",
    "second_round": "58"
  },
  {
    "id": 1368,
    "date": "2024-10-21",
    "first_round_shooting_time": "3:45 PM",
    "second_round_shooting_time": "4:45 PM",
    "first_round": "91",
    "second_round": "36"
  },
  {
    "id": 1367,
    "date": "2024-10-19",
    "first_round_shooting_time": "3:45 PM",
    "second_round_shooting_time": "4:45 PM",
    "first_round": "57",
    "second_round": "21"
  },
  {
    "id": 1366,
    "date": "2024-10-18",
    "first_round_shooting_time": "3:45 PM",
    "second_round_shooting_time": "4:45 PM",
    "first_round": "67",
    "second_round": "35"
  },
  {
    "id": 1365,
    "date": "2024-10-17",
    "first_round_shooting_time": "3:45 PM",
    "second_round_shooting_time": "4:45 PM",
    "first_round": "96",
    "second_round": "31"
  },
  {
    "id": 1364,
    "date": "2024-10-16",
    "first_round_shooting_time": "3:45 PM",
    "second_round_shooting_time": "4:45 PM",
    "first_round": "55",
    "second_round": "69"
  },
  {
    "id": 1363,
    "date": "2024-10-15",
    "first_round_shooting_time": "3:45 PM",
    "second_round_shooting_time": "4:45 PM",
    "first_round": "16",
    "second_round": "84"
  },
  {
    "id": 1362,
    "date": "2024-10-14",
    "first_round_shooting_time": "3:45 PM",
    "second_round_shooting_time": "4:45 PM",
    "first_round": "97",
    "second_round": "24"
  },
  {
    "id": 1361,
    "date": "2024-10-12",
    "first_round_shooting_time": "3:45 PM",
    "second_round_shooting_time": "4:45 PM",
    "first_round": "99",
    "second_round": "69"
  },
  {
    "id": 1360,
    "date": "2024-10-11",
    "first_round_shooting_time": "3:45 PM",
    "second_round_shooting_time": "4:45 PM",
    "first_round": "00",
    "second_round": "50"
  },
  {
    "id": 1359,
    "date": "2024-10-10",
    "first_round_shooting_time": "3:45 PM",
    "second_round_shooting_time": "4:45 PM",
    "first_round": "89",
    "second_round": "14"
  },
  {
    "id": 1358,
    "date": "2024-10-09",
    "first_round_shooting_time": "3:45 PM",
    "second_round_shooting_time": "4:45 PM",
    "first_round": "22",
    "second_round": "33"
  },
  {
    "id": 1357,
    "date": "2024-10-08",
    "first_round_shooting_time": "3:45 PM",
    "second_round_shooting_time": "4:45 PM",
    "first_round": "32",
    "second_round": "56"
  },
  {
    "id": 1356,
    "date": "2024-10-07",
    "first_round_shooting_time": "3:45 PM",
    "second_round_shooting_time": "4:45 PM",
    "first_round": "87",
    "second_round": "58"
  },
  {
    "id": 1355,
    "date": "2024-10-05",
    "first_round_shooting_time": "3:45 PM",
    "second_round_shooting_time": "4:45 PM",
    "first_round": "98",
    "second_round": "42"
  },
  {
    "id": 1354,
    "date": "2024-10-04",
    "first_round_shooting_time": "3:45 PM",
    "second_round_shooting_time": "4:45 PM",
    "first_round": "48",
    "second_round": "49"
  },
  {
    "id": 1353,
    "date": "2024-10-03",
    "first_round_shooting_time": "3:45 PM",
    "second_round_shooting_time": "4:45 PM",
    "first_round": "64",
    "second_round": "81"
  },
  {
    "id": 1352,
    "date": "2024-10-02",
    "first_round_shooting_time": "3:45 PM",
    "second_round_shooting_time": "4:45 PM",
    "first_round": "85",
    "second_round": "29"
  },
  {
    "id": 1351,
    "date": "2024-10-01",
    "first_round_shooting_time": "3:45 PM",
    "second_round_shooting_time": "4:45 PM",
    "first_round": "38",
    "second_round": "75"
  },
  {
    "id": 1350,
    "date": "2024-09-30",
    "first_round_shooting_time": "3:45 PM",
    "second_round_shooting_time": "4:45 PM",
    "first_round": "19",
    "second_round": "55"
  },
  {
    "id": 1349,
    "date": "2024-09-28",
    "first_round_shooting_time": "3:45 PM",
    "second_round_shooting_time": "4:45 PM",
    "first_round": "52",
    "second_round": "10"
  },
  {
    "id": 1348,
    "date": "2024-09-27",
    "first_round_shooting_time": "3:45 PM",
    "second_round_shooting_time": "4:45 PM",
    "first_round": "60",
    "second_round": "44"
  },
  {
    "id": 1347,
    "date": "2024-09-26",
    "first_round_shooting_time": "3:45 PM",
    "second_round_shooting_time": "4:45 PM",
    "first_round": "45",
    "second_round": "78"
  },
  {
    "id": 1346,
    "date": "2024-09-25",
    "first_round_shooting_time": "3:45 PM",
    "second_round_shooting_time": "4:45 PM",
    "first_round": "00",
    "second_round": "21"
  },
  {
    "id": 1345,
    "date": "2024-09-24",
    "first_round_shooting_time": "3:45 PM",
    "second_round_shooting_time": "4:45 PM",
    "first_round": "21",
    "second_round": "83"
  },
  {
    "id": 1344,
    "date": "2024-09-23",
    "first_round_shooting_time": "3:45 PM",
    "second_round_shooting_time": "4:45 PM",
    "first_round": "72",
    "second_round": "30"
  },
  {
    "id": 1343,
    "date": "2024-09-21",
    "first_round_shooting_time": "3:45 PM",
    "second_round_shooting_time": "4:45 PM",
    "first_round": "32",
    "second_round": "55"
  },
  {
    "id": 1342,
    "date": "2024-09-20",
    "first_round_shooting_time": "3:45 PM",
    "second_round_shooting_time": "4:45 pm",
    "first_round": "18",
    "second_round": "96"
  },
  {
    "id": 1341,
    "date": "2024-09-19",
    "first_round_shooting_time": "4:00 PM",
    "second_round_shooting_time": "5:00 PM",
    "first_round": "46",
    "second_round": "03"
  },
  {
    "id": 1340,
    "date": "2024-09-18",
    "first_round_shooting_time": "4:00 PM",
    "second_round_shooting_time": "5:00 PM",
    "first_round": "55",
    "second_round": "52"
  },
  {
    "id": 1339,
    "date": "2024-09-17",
    "first_round_shooting_time": "4:00 PM",
    "second_round_shooting_time": "5:00 PM",
    "first_round": "52",
    "second_round": "28"
  },
  {
    "id": 1338,
    "date": "2024-09-16",
    "first_round_shooting_time": "4:00 PM",
    "second_round_shooting_time": "5:00 PM",
    "first_round": "59",
    "second_round": "31"
  },
  {
    "id": 1337,
    "date": "2024-09-14",
    "first_round_shooting_time": "4:00 PM",
    "second_round_shooting_time": "5:00 PM",
    "first_round": "74",
    "second_round": "11"
  },
  {
    "id": 1336,
    "date": "2024-09-13",
    "first_round_shooting_time": "4:00 PM",
    "second_round_shooting_time": "5:00 PM",
    "first_round": "90",
    "second_round": "53"
  },
  {
    "id": 1335,
    "date": "2024-09-12",
    "first_round_shooting_time": "4:00 PM",
    "second_round_shooting_time": "5:00 PM",
    "first_round": "43",
    "second_round": "60"
  },
  {
    "id": 1334,
    "date": "2024-09-11",
    "first_round_shooting_time": "4:00 PM",
    "second_round_shooting_time": "5:00 PM",
    "first_round": "69",
    "second_round": "70"
  },
  {
    "id": 1333,
    "date": "2024-09-10",
    "first_round_shooting_time": "4:00 PM",
    "second_round_shooting_time": "5:00 PM",
    "first_round": "63",
    "second_round": "60"
  },
  {
    "id": 1332,
    "date": "2024-09-09",
    "first_round_shooting_time": "4:00 PM",
    "second_round_shooting_time": "5:00 PM",
    "first_round": "57",
    "second_round": "88"
  },
  {
    "id": 1331,
    "date": "2024-09-07",
    "first_round_shooting_time": "4:00 PM",
    "second_round_shooting_time": "5:00 PM",
    "first_round": "72",
    "second_round": "80"
  },
  {
    "id": 1330,
    "date": "2024-09-06",
    "first_round_shooting_time": "4:00 PM",
    "second_round_shooting_time": "5:00 PM",
    "first_round": "67",
    "second_round": "34"
  },
  {
    "id": 1329,
    "date": "2024-09-05",
    "first_round_shooting_time": "4:00 PM",
    "second_round_shooting_time": "5:00 PM",
    "first_round": "79",
    "second_round": "35"
  },
  {
    "id": 1328,
    "date": "2024-09-04",
    "first_round_shooting_time": "4:00 PM",
    "second_round_shooting_time": "5:00 PM",
    "first_round": "67",
    "second_round": "80"
  },
  {
    "id": 1327,
    "date": "2024-09-03",
    "first_round_shooting_time": "4:00 PM",
    "second_round_shooting_time": "5:00 PM",
    "first_round": "90",
    "second_round": "35"
  },
  {
    "id": 1326,
    "date": "2024-09-02",
    "first_round_shooting_time": "4:00 PM",
    "second_round_shooting_time": "5:00 PM",
    "first_round": "70",
    "second_round": "50"
  },
  {
    "id": 1325,
    "date": "2024-08-31",
    "first_round_shooting_time": "4:00 PM",
    "second_round_shooting_time": "5:00 PM",
    "first_round": "03",
    "second_round": "06"
  },
  {
    "id": 1324,
    "date": "2024-08-30",
    "first_round_shooting_time": "4:00 PM",
    "second_round_shooting_time": "5:00 PM",
    "first_round": "70",
    "second_round": "67"
  },
  {
    "id": 1323,
    "date": "2024-08-29",
    "first_round_shooting_time": "4:00 PM",
    "second_round_shooting_time": "5:00 PM",
    "first_round": "06",
    "second_round": "81"
  },
  {
    "id": 1322,
    "date": "2024-08-28",
    "first_round_shooting_time": "4:00 PM",
    "second_round_shooting_time": "5:00 PM",
    "first_round": "68",
    "second_round": "37"
  },
  {
    "id": 1321,
    "date": "2024-08-27",
    "first_round_shooting_time": "4:00 PM",
    "second_round_shooting_time": "5:00 PM",
    "first_round": "85",
    "second_round": "44"
  },
  {
    "id": 1320,
    "date": "2024-08-26",
    "first_round_shooting_time": "4:00 PM",
    "second_round_shooting_time": "5:00 PM",
    "first_round": "35",
    "second_round": "92"
  },
  {
    "id": 1319,
    "date": "2024-08-24",
    "first_round_shooting_time": "4:00 PM",
    "second_round_shooting_time": "5:00 PM",
    "first_round": "22",
    "second_round": "73"
  },
  {
    "id": 1318,
    "date": "2024-08-23",
    "first_round_shooting_time": "4:00 PM",
    "second_round_shooting_time": "5:00 PM",
    "first_round": "52",
    "second_round": "40"
  },
  {
    "id": 1317,
    "date": "2024-08-22",
    "first_round_shooting_time": "4:00 PM",
    "second_round_shooting_time": "5:00 PM",
    "first_round": "30",
    "second_round": "56"
  },
  {
    "id": 1316,
    "date": "2024-08-21",
    "first_round_shooting_time": "4:00 PM",
    "second_round_shooting_time": "5:00 PM",
    "first_round": "80",
    "second_round": "59"
  },
  {
    "id": 1315,
    "date": "2024-08-20",
    "first_round_shooting_time": "4:00 PM",
    "second_round_shooting_time": "5:00 PM",
    "first_round": "43",
    "second_round": "70"
  },
  {
    "id": 1314,
    "date": "2024-08-19",
    "first_round_shooting_time": "4:00 PM",
    "second_round_shooting_time": "5:00 PM",
    "first_round": "79",
    "second_round": "07"
  },
  {
    "id": 1313,
    "date": "2024-08-17",
    "first_round_shooting_time": "4:00 PM",
    "second_round_shooting_time": "5:00 PM",
    "first_round": "52",
    "second_round": "00"
  },
  {
    "id": 1312,
    "date": "2024-08-16",
    "first_round_shooting_time": "4:00 PM",
    "second_round_shooting_time": "5:00 PM",
    "first_round": "93",
    "second_round": "62"
  },
  {
    "id": 1311,
    "date": "2024-08-15",
    "first_round_shooting_time": "4:00 PM",
    "second_round_shooting_time": "5:00 PM",
    "first_round": "85",
    "second_round": "54"
  },
  {
    "id": 1310,
    "date": "2024-08-14",
    "first_round_shooting_time": "4:00 PM",
    "second_round_shooting_time": "5:00 PM",
    "first_round": "53",
    "second_round": "81"
  },
  {
    "id": 1309,
    "date": "2024-08-13",
    "first_round_shooting_time": "4:00 PM",
    "second_round_shooting_time": "5:00 PM",
    "first_round": "16",
    "second_round": "72"
  },
  {
    "id": 1308,
    "date": "2024-08-12",
    "first_round_shooting_time": "4:00 PM",
    "second_round_shooting_time": "5:00 PM",
    "first_round": "75",
    "second_round": "82"
  },
  {
    "id": 1307,
    "date": "2024-08-10",
    "first_round_shooting_time": "4:00 PM",
    "second_round_shooting_time": "5:00 PM",
    "first_round": "86",
    "second_round": "31"
  },
  {
    "id": 1306,
    "date": "2024-08-09",
    "first_round_shooting_time": "4:00 PM",
    "second_round_shooting_time": "5:00 PM",
    "first_round": "83",
    "second_round": "69"
  },
  {
    "id": 1305,
    "date": "2024-08-08",
    "first_round_shooting_time": "4:00 PM",
    "second_round_shooting_time": "5:00 PM",
    "first_round": "77",
    "second_round": "37"
  },
  {
    "id": 1304,
    "date": "2024-08-07",
    "first_round_shooting_time": "4:00 PM",
    "second_round_shooting_time": "5:00 PM",
    "first_round": "59",
    "second_round": "12"
  },
  {
    "id": 1303,
    "date": "2024-08-06",
    "first_round_shooting_time": "4:00 PM",
    "second_round_shooting_time": "5:00 PM",
    "first_round": "69",
    "second_round": "67"
  },
  {
    "id": 1302,
    "date": "2024-08-05",
    "first_round_shooting_time": "4:00 PM",
    "second_round_shooting_time": "5:00 PM",
    "first_round": "19",
    "second_round": "07"
  },
  {
    "id": 1301,
    "date": "2024-08-03",
    "first_round_shooting_time": "4:00 PM",
    "second_round_shooting_time": "5:00 PM",
    "first_round": "64",
    "second_round": "10"
  },
  {
    "id": 1300,
    "date": "2024-08-02",
    "first_round_shooting_time": "4:00 PM",
    "second_round_shooting_time": "5:00 PM",
    "first_round": "67",
    "second_round": "67"
  },
  {
    "id": 1299,
    "date": "2024-08-01",
    "first_round_shooting_time": "4:00 PM",
    "second_round_shooting_time": "5:00 PM",
    "first_round": "40",
    "second_round": "40"
  },
  {
    "id": 1298,
    "date": "2024-07-31",
    "first_round_shooting_time": "4:00 PM",
    "second_round_shooting_time": "5:00 PM",
    "first_round": "61",
    "second_round": "58"
  },
  {
    "id": 1297,
    "date": "2024-07-30",
    "first_round_shooting_time": "4:00 PM",
    "second_round_shooting_time": "5:00 PM",
    "first_round": "54",
    "second_round": "89"
  },
  {
    "id": 1296,
    "date": "2024-07-29",
    "first_round_shooting_time": "4:00 PM",
    "second_round_shooting_time": "5:00 PM",
    "first_round": "87",
    "second_round": "96"
  },
  {
    "id": 1295,
    "date": "2024-07-27",
    "first_round_shooting_time": "4:00 PM",
    "second_round_shooting_time": "5:00 PM",
    "first_round": "83",
    "second_round": "78"
  },
  {
    "id": 1294,
    "date": "2024-07-26",
    "first_round_shooting_time": "4:00 PM",
    "second_round_shooting_time": "5:00 PM",
    "first_round": "53",
    "second_round": "98"
  },
  {
    "id": 1293,
    "date": "2024-07-25",
    "first_round_shooting_time": "4:00 PM",
    "second_round_shooting_time": "5:00 PM",
    "first_round": "54",
    "second_round": "30"
  },
  {
    "id": 1292,
    "date": "2024-07-24",
    "first_round_shooting_time": "4:00 PM",
    "second_round_shooting_time": "5:00 PM",
    "first_round": "29",
    "second_round": "01"
  },
  {
    "id": 1291,
    "date": "2024-07-23",
    "first_round_shooting_time": "4:00 PM",
    "second_round_shooting_time": "5:00 PM",
    "first_round": "44",
    "second_round": "53"
  },
  {
    "id": 1290,
    "date": "2024-07-22",
    "first_round_shooting_time": "4:00 PM",
    "second_round_shooting_time": "5:00 PM",
    "first_round": "05",
    "second_round": "66"
  },
  {
    "id": 1289,
    "date": "2024-07-20",
    "first_round_shooting_time": "4:00 PM",
    "second_round_shooting_time": "5:00 PM",
    "first_round": "06",
    "second_round": "06"
  },
  {
    "id": 1288,
    "date": "2024-07-19",
    "first_round_shooting_time": "4:00 PM",
    "second_round_shooting_time": "5:00 PM",
    "first_round": "82",
    "second_round": "86"
  },
  {
    "id": 1287,
    "date": "2024-07-18",
    "first_round_shooting_time": "4:00 PM",
    "second_round_shooting_time": "5:00 PM",
    "first_round": "20",
    "second_round": "26"
  },
  {
    "id": 1286,
    "date": "2024-07-17",
    "first_round_shooting_time": "4:00 PM",
    "second_round_shooting_time": "5:00 PM",
    "first_round": "29",
    "second_round": "65"
  },
  {
    "id": 1284,
    "date": "2024-07-16",
    "first_round_shooting_time": "4:00 PM",
    "second_round_shooting_time": "5:00 PM",
    "first_round": "22",
    "second_round": "81"
  },
  {
    "id": 1283,
    "date": "2024-07-15",
    "first_round_shooting_time": "4:00 PM",
    "second_round_shooting_time": "5:00 PM",
    "first_round": "27",
    "second_round": "21"
  },
  {
    "id": 1282,
    "date": "2024-07-13",
    "first_round_shooting_time": "4:00 PM",
    "second_round_shooting_time": "5:00 PM",
    "first_round": "35",
    "second_round": "90"
  },
  {
    "id": 1281,
    "date": "2024-07-12",
    "first_round_shooting_time": "4:00 PM",
    "second_round_shooting_time": "5:00 PM",
    "first_round": "90",
    "second_round": "57"
  },
  {
    "id": 1280,
    "date": "2024-07-11",
    "first_round_shooting_time": "4:00 PM",
    "second_round_shooting_time": "5:00 PM",
    "first_round": "32",
    "second_round": "63"
  },
  {
    "id": 1279,
    "date": "2024-07-10",
    "first_round_shooting_time": "4:00 PM",
    "second_round_shooting_time": "5:00 PM",
    "first_round": "26",
    "second_round": "36"
  },
  {
    "id": 1278,
    "date": "2024-07-09",
    "first_round_shooting_time": "4:00 PM",
    "second_round_shooting_time": "5:00 PM",
    "first_round": "30",
    "second_round": "88"
  },
  {
    "id": 1277,
    "date": "2024-07-08",
    "first_round_shooting_time": "4:00 PM",
    "second_round_shooting_time": "5:00 PM",
    "first_round": "20",
    "second_round": "09"
  },
  {
    "id": 1276,
    "date": "2024-07-06",
    "first_round_shooting_time": "4:00 PM",
    "second_round_shooting_time": "5:00 PM",
    "first_round": "34",
    "second_round": "23"
  },
  {
    "id": 1275,
    "date": "2024-07-05",
    "first_round_shooting_time": "4:00 PM",
    "second_round_shooting_time": "5:00 PM",
    "first_round": "00",
    "second_round": "24"
  },
  {
    "id": 1274,
    "date": "2024-07-04",
    "first_round_shooting_time": "4:00 PM",
    "second_round_shooting_time": "5:00 PM",
    "first_round": "35",
    "second_round": "21"
  },
  {
    "id": 1273,
    "date": "2024-07-03",
    "first_round_shooting_time": "4:00 PM",
    "second_round_shooting_time": "5:00 PM",
    "first_round": "29",
    "second_round": "13"
  },
  {
    "id": 1272,
    "date": "2024-07-02",
    "first_round_shooting_time": "4:00 PM",
    "second_round_shooting_time": "5:00 PM",
    "first_round": "64",
    "second_round": "18"
  },
  {
    "id": 1271,
    "date": "2024-07-01",
    "first_round_shooting_time": "4:00 PM",
    "second_round_shooting_time": "5:00 PM",
    "first_round": "26",
    "second_round": "54"
  },
  {
    "id": 1270,
    "date": "2024-06-29",
    "first_round_shooting_time": "4:00 PM",
    "second_round_shooting_time": "5:00 PM",
    "first_round": "07",
    "second_round": "66"
  },
  {
    "id": 1269,
    "date": "2024-06-28",
    "first_round_shooting_time": "4:00 PM",
    "second_round_shooting_time": "5:00 PM",
    "first_round": "46",
    "second_round": "42"
  },
  {
    "id": 1268,
    "date": "2024-06-27",
    "first_round_shooting_time": "4:00 PM",
    "second_round_shooting_time": "5:00 PM",
    "first_round": "55",
    "second_round": "91"
  },
  {
    "id": 1267,
    "date": "2024-06-26",
    "first_round_shooting_time": "4:00 PM",
    "second_round_shooting_time": "5:00 PM",
    "first_round": "15",
    "second_round": "29"
  },
  {
    "id": 1266,
    "date": "2024-06-25",
    "first_round_shooting_time": "4:00 PM",
    "second_round_shooting_time": "5:00 PM",
    "first_round": "85",
    "second_round": "23"
  },
  {
    "id": 1265,
    "date": "2024-06-24",
    "first_round_shooting_time": "4:00 PM",
    "second_round_shooting_time": "5:00 PM",
    "first_round": "39",
    "second_round": "00"
  },
  {
    "id": 1264,
    "date": "2024-06-22",
    "first_round_shooting_time": "4:00 PM",
    "second_round_shooting_time": "5:00 PM",
    "first_round": "56",
    "second_round": "34"
  },
  {
    "id": 1263,
    "date": "2024-06-21",
    "first_round_shooting_time": "4:00 PM",
    "second_round_shooting_time": "5:00 PM",
    "first_round": "20",
    "second_round": "11"
  },
  {
    "id": 1262,
    "date": "2024-06-20",
    "first_round_shooting_time": "4:00 PM",
    "second_round_shooting_time": "5:00 PM",
    "first_round": "66",
    "second_round": "24"
  },
  {
    "id": 1261,
    "date": "2024-06-19",
    "first_round_shooting_time": "4:00 PM",
    "second_round_shooting_time": "5:00 PM",
    "first_round": "86",
    "second_round": "53"
  },
  {
    "id": 1260,
    "date": "2024-06-18",
    "first_round_shooting_time": "4:00 PM",
    "second_round_shooting_time": "5:00 PM",
    "first_round": "29",
    "second_round": "69"
  },
  {
    "id": 1259,
    "date": "2024-06-17",
    "first_round_shooting_time": "4:00 PM",
    "second_round_shooting_time": "5:00 PM",
    "first_round": "77",
    "second_round": "34"
  },
  {
    "id": 1258,
    "date": "2024-06-15",
    "first_round_shooting_time": ",4:00 PM",
    "second_round_shooting_time": "5:00 PM",
    "first_round": "31",
    "second_round": "39"
  },
  {
    "id": 1257,
    "date": "2024-06-14",
    "first_round_shooting_time": "4:00 PM",
    "second_round_shooting_time": "5:00 PM",
    "first_round": "60",
    "second_round": "65"
  },
  {
    "id": 1256,
    "date": "2024-06-13",
    "first_round_shooting_time": "4:00 PM",
    "second_round_shooting_time": "5:00 PM",
    "first_round": "08",
    "second_round": "22"
  },
  {
    "id": 1255,
    "date": "2024-06-12",
    "first_round_shooting_time": "4:00 PM",
    "second_round_shooting_time": "5:00 PM",
    "first_round": "93",
    "second_round": "20"
  },
  {
    "id": 1254,
    "date": "2024-06-11",
    "first_round_shooting_time": "4:00 PM",
    "second_round_shooting_time": "5:00 PM",
    "first_round": "57",
    "second_round": "74"
  },
  {
    "id": 1253,
    "date": "2024-06-10",
    "first_round_shooting_time": "4:00 PM",
    "second_round_shooting_time": "5:00 PM",
    "first_round": "58",
    "second_round": "73"
  },
  {
    "id": 1252,
    "date": "2024-06-08",
    "first_round_shooting_time": "4:00 PM",
    "second_round_shooting_time": "5:00 PM",
    "first_round": "90",
    "second_round": "99"
  },
  {
    "id": 1251,
    "date": "2024-06-07",
    "first_round_shooting_time": "4:00 PM",
    "second_round_shooting_time": "5:00 PM",
    "first_round": "71",
    "second_round": "85"
  },
  {
    "id": 1250,
    "date": "2024-06-06",
    "first_round_shooting_time": "4:00 PM",
    "second_round_shooting_time": "5:00 PM",
    "first_round": "32",
    "second_round": "28"
  },
  {
    "id": 1249,
    "date": "2024-06-05",
    "first_round_shooting_time": "4:00 PM",
    "second_round_shooting_time": "5:00 PM",
    "first_round": "90",
    "second_round": "40"
  },
  {
    "id": 1248,
    "date": "2024-06-04",
    "first_round_shooting_time": "4:00 PM",
    "second_round_shooting_time": "5:00 PM",
    "first_round": "07",
    "second_round": "91"
  },
  {
    "id": 1247,
    "date": "2024-06-03",
    "first_round_shooting_time": "4:00 PM",
    "second_round_shooting_time": "5:00 PM",
    "first_round": "32",
    "second_round": "76"
  },
  {
    "id": 1246,
    "date": "2024-06-01",
    "first_round_shooting_time": "4:00 PM",
    "second_round_shooting_time": "5:00 PM",
    "first_round": "95",
    "second_round": "43"
  },
  {
    "id": 1245,
    "date": "2024-05-31",
    "first_round_shooting_time": "4:00 PM",
    "second_round_shooting_time": "5:00 PM",
    "first_round": "01",
    "second_round": "70"
  },
  {
    "id": 1244,
    "date": "2024-05-30",
    "first_round_shooting_time": "4:00 PM",
    "second_round_shooting_time": "5:00 PM",
    "first_round": "98",
    "second_round": "92"
  },
  {
    "id": 1243,
    "date": "2024-05-29",
    "first_round_shooting_time": "4:00 PM",
    "second_round_shooting_time": "5:00 PM",
    "first_round": "52",
    "second_round": "47"
  },
  {
    "id": 1242,
    "date": "2024-05-28",
    "first_round_shooting_time": "4:00 PM",
    "second_round_shooting_time": "5:00 PM",
    "first_round": "49",
    "second_round": "59"
  },
  {
    "id": 1241,
    "date": "2024-05-27",
    "first_round_shooting_time": "4:00 PM",
    "second_round_shooting_time": "5:00 PM",
    "first_round": "74",
    "second_round": "48"
  },
  {
    "id": 1240,
    "date": "2024-05-25",
    "first_round_shooting_time": "4:00 PM",
    "second_round_shooting_time": "5:00 PM",
    "first_round": "20",
    "second_round": "04"
  },
  {
    "id": 1239,
    "date": "2024-05-24",
    "first_round_shooting_time": "4:00 PM",
    "second_round_shooting_time": "5:00 PM",
    "first_round": "90",
    "second_round": "67"
  },
  {
    "id": 1238,
    "date": "2024-05-23",
    "first_round_shooting_time": "4:00 PM",
    "second_round_shooting_time": "5:00 PM",
    "first_round": "76",
    "second_round": "45"
  },
  {
    "id": 1237,
    "date": "2024-05-22",
    "first_round_shooting_time": "4:00 PM",
    "second_round_shooting_time": "5:00 PM",
    "first_round": "78",
    "second_round": "59"
  },
  {
    "id": 1236,
    "date": "2024-05-21",
    "first_round_shooting_time": "4:00 PM",
    "second_round_shooting_time": "5:00 PM",
    "first_round": "11",
    "second_round": "77"
  },
  {
    "id": 1235,
    "date": "2024-05-20",
    "first_round_shooting_time": "4:00 PM",
    "second_round_shooting_time": "5:00 PM",
    "first_round": "79",
    "second_round": "34"
  },
  {
    "id": 1234,
    "date": "2024-05-18",
    "first_round_shooting_time": "4:00 PM",
    "second_round_shooting_time": "5:00 PM",
    "first_round": "15",
    "second_round": "53"
  },
  {
    "id": 1233,
    "date": "2024-05-17",
    "first_round_shooting_time": "4:00 PM",
    "second_round_shooting_time": "5:00 PM",
    "first_round": "38",
    "second_round": "11"
  },
  {
    "id": 1232,
    "date": "2024-05-16",
    "first_round_shooting_time": "4:00 PM",
    "second_round_shooting_time": "5:00 PM",
    "first_round": "94",
    "second_round": "69"
  },
  {
    "id": 1231,
    "date": "2024-05-15",
    "first_round_shooting_time": "4:00 PM",
    "second_round_shooting_time": "5:00 PM",
    "first_round": "19",
    "second_round": "68"
  },
  {
    "id": 1230,
    "date": "2024-05-14",
    "first_round_shooting_time": "4:00 PM",
    "second_round_shooting_time": "5:00 PM",
    "first_round": "29",
    "second_round": "21"
  },
  {
    "id": 1229,
    "date": "2024-05-13",
    "first_round_shooting_time": "4:00 PM",
    "second_round_shooting_time": "5:00 PM",
    "first_round": "60",
    "second_round": "39"
  },
  {
    "id": 1228,
    "date": "2024-05-11",
    "first_round_shooting_time": "4:00 PM",
    "second_round_shooting_time": "5:00 PM",
    "first_round": "54",
    "second_round": "55"
  },
  {
    "id": 1227,
    "date": "2024-05-10",
    "first_round_shooting_time": "4:00 PM",
    "second_round_shooting_time": "5:00 PM",
    "first_round": "03",
    "second_round": "96"
  },
  {
    "id": 1226,
    "date": "2024-05-09",
    "first_round_shooting_time": "4:00 PM",
    "second_round_shooting_time": "5:00 PM",
    "first_round": "08",
    "second_round": "24"
  },
  {
    "id": 1225,
    "date": "2024-05-08",
    "first_round_shooting_time": "4:00 PM",
    "second_round_shooting_time": "5:00 PM",
    "first_round": "05",
    "second_round": "64"
  },
  {
    "id": 1224,
    "date": "2024-05-07",
    "first_round_shooting_time": "4:00 PM",
    "second_round_shooting_time": "5:00 PM",
    "first_round": "31",
    "second_round": "92"
  },
  {
    "id": 1223,
    "date": "2024-05-06",
    "first_round_shooting_time": "4:00 PM",
    "second_round_shooting_time": "5:00 PM",
    "first_round": "82",
    "second_round": "79"
  },
  {
    "id": 1222,
    "date": "2024-05-04",
    "first_round_shooting_time": "4:00 PM",
    "second_round_shooting_time": "5:00 PM",
    "first_round": "03",
    "second_round": "24"
  },
  {
    "id": 1221,
    "date": "2024-05-03",
    "first_round_shooting_time": "4:00 PM",
    "second_round_shooting_time": "5:00 PM",
    "first_round": "64",
    "second_round": "95"
  },
  {
    "id": 1220,
    "date": "2024-05-02",
    "first_round_shooting_time": "4:00 PM",
    "second_round_shooting_time": "5:00 PM",
    "first_round": "13",
    "second_round": "80"
  },
  {
    "id": 1219,
    "date": "2024-05-01",
    "first_round_shooting_time": "4:00 PM",
    "second_round_shooting_time": "5:00 PM",
    "first_round": "45",
    "second_round": "74"
  },
  {
    "id": 1218,
    "date": "2024-04-30",
    "first_round_shooting_time": "4:00 PM",
    "second_round_shooting_time": "5:00 PM",
    "first_round": "49",
    "second_round": "15"
  },
  {
    "id": 1217,
    "date": "2024-04-29",
    "first_round_shooting_time": "4:00 PM",
    "second_round_shooting_time": "5:00 PM",
    "first_round": "94",
    "second_round": "31"
  },
  {
    "id": 1216,
    "date": "2024-04-27",
    "first_round_shooting_time": "4:00 PM",
    "second_round_shooting_time": "5:00 PM",
    "first_round": "35",
    "second_round": "27"
  },
  {
    "id": 1215,
    "date": "2024-04-26",
    "first_round_shooting_time": "4:00 PM",
    "second_round_shooting_time": "5:00 PM",
    "first_round": "57",
    "second_round": "07"
  },
  {
    "id": 1214,
    "date": "2024-04-25",
    "first_round_shooting_time": "4:00 PM",
    "second_round_shooting_time": "5:00 PM",
    "first_round": "10",
    "second_round": "46"
  },
  {
    "id": 1213,
    "date": "2024-04-24",
    "first_round_shooting_time": "4:00 PM",
    "second_round_shooting_time": "5:00 PM",
    "first_round": "24",
    "second_round": "32"
  },
  {
    "id": 1212,
    "date": "2024-04-23",
    "first_round_shooting_time": "4:00 PM",
    "second_round_shooting_time": "5:00 PM",
    "first_round": "02",
    "second_round": "65"
  },
  {
    "id": 1211,
    "date": "2024-04-22",
    "first_round_shooting_time": "4:00 PM",
    "second_round_shooting_time": "5:00 PM",
    "first_round": "02",
    "second_round": "15"
  },
  {
    "id": 1210,
    "date": "2024-04-20",
    "first_round_shooting_time": "4:00 PM",
    "second_round_shooting_time": "5:00 PM",
    "first_round": "49",
    "second_round": "26"
  },
  {
    "id": 1209,
    "date": "2024-04-19",
    "first_round_shooting_time": "4:00 PM",
    "second_round_shooting_time": "5:00 PM",
    "first_round": "59",
    "second_round": "91"
  },
  {
    "id": 1208,
    "date": "2024-04-18",
    "first_round_shooting_time": "4:00 PM",
    "second_round_shooting_time": "5:00 PM",
    "first_round": "71",
    "second_round": "82"
  },
  {
    "id": 1207,
    "date": "2024-04-17",
    "first_round_shooting_time": "4:00 PM",
    "second_round_shooting_time": "5:00 PM",
    "first_round": "79",
    "second_round": "10"
  },
  {
    "id": 1206,
    "date": "2024-04-16",
    "first_round_shooting_time": "4:00 PM",
    "second_round_shooting_time": "5:00 PM",
    "first_round": "18",
    "second_round": "92"
  },
  {
    "id": 1205,
    "date": "2024-04-15",
    "first_round_shooting_time": "4:00 PM",
    "second_round_shooting_time": "5:00 PM",
    "first_round": "13",
    "second_round": "20"
  },
  {
    "id": 1204,
    "date": "2024-04-13",
    "first_round_shooting_time": "4:00 PM",
    "second_round_shooting_time": "5:00 PM",
    "first_round": "86",
    "second_round": "04"
  },
  {
    "id": 1203,
    "date": "2024-04-12",
    "first_round_shooting_time": "4:00 PM",
    "second_round_shooting_time": "5:00 PM",
    "first_round": "63",
    "second_round": "92"
  },
  {
    "id": 1202,
    "date": "2024-04-11",
    "first_round_shooting_time": "4:00 PM",
    "second_round_shooting_time": "5:00 PM",
    "first_round": "12",
    "second_round": "33"
  },
  {
    "id": 1201,
    "date": "2024-04-10",
    "first_round_shooting_time": "4:00 PM",
    "second_round_shooting_time": "5:00 PM",
    "first_round": "08",
    "second_round": "79"
  },
  {
    "id": 1200,
    "date": "2024-04-09",
    "first_round_shooting_time": "4:00 PM",
    "second_round_shooting_time": "5:00 PM",
    "first_round": "44",
    "second_round": "42"
  },
  {
    "id": 1199,
    "date": "2024-04-08",
    "first_round_shooting_time": "3:45 PM",
    "second_round_shooting_time": "4:45 PM",
    "first_round": "74",
    "second_round": "31"
  },
  {
    "id": 1198,
    "date": "2024-04-06",
    "first_round_shooting_time": "3:45 PM",
    "second_round_shooting_time": "4:45 PM",
    "first_round": "79",
    "second_round": "28"
  },
  {
    "id": 1197,
    "date": "2024-04-05",
    "first_round_shooting_time": "3:45 PM",
    "second_round_shooting_time": "4:45 PM",
    "first_round": "19",
    "second_round": "50"
  },
  {
    "id": 1196,
    "date": "2024-04-04",
    "first_round_shooting_time": "3:45 PM",
    "second_round_shooting_time": "4:45 PM",
    "first_round": "16",
    "second_round": "76"
  },
  {
    "id": 1195,
    "date": "2024-04-03",
    "first_round_shooting_time": "3:45 PM",
    "second_round_shooting_time": "4:45 PM",
    "first_round": "63",
    "second_round": "15"
  },
  {
    "id": 1194,
    "date": "2024-04-02",
    "first_round_shooting_time": "3:45 PM",
    "second_round_shooting_time": "4:45",
    "first_round": "14",
    "second_round": "62"
  },
  {
    "id": 1193,
    "date": "2024-04-01",
    "first_round_shooting_time": "3:45 PM",
    "second_round_shooting_time": "4:45 PM",
    "first_round": "50",
    "second_round": "25"
  },
  {
    "id": 1192,
    "date": "2024-03-30",
    "first_round_shooting_time": "3:45 PM",
    "second_round_shooting_time": "4:45 PM",
    "first_round": "46",
    "second_round": "57"
  },
  {
    "id": 1191,
    "date": "2024-03-29",
    "first_round_shooting_time": "3:45 PM",
    "second_round_shooting_time": "4:45 PM",
    "first_round": "06",
    "second_round": "08"
  },
  {
    "id": 1190,
    "date": "2024-03-28",
    "first_round_shooting_time": "3:45 PM",
    "second_round_shooting_time": "4:45 PM",
    "first_round": "08",
    "second_round": "13"
  },
  {
    "id": 1189,
    "date": "2024-03-27",
    "first_round_shooting_time": "3:45 PM",
    "second_round_shooting_time": "4:45 PM",
    "first_round": "96",
    "second_round": "51"
  },
  {
    "id": 1188,
    "date": "2024-03-26",
    "first_round_shooting_time": "3:45 PM",
    "second_round_shooting_time": "4:45 PM",
    "first_round": "27",
    "second_round": "41"
  },
  {
    "id": 1187,
    "date": "2024-03-25",
    "first_round_shooting_time": "3:45 PM",
    "second_round_shooting_time": "4:45 PM",
    "first_round": "54",
    "second_round": "92"
  },
  {
    "id": 1186,
    "date": "2024-03-23",
    "first_round_shooting_time": "3:45",
    "second_round_shooting_time": "4:45",
    "first_round": "59",
    "second_round": "77"
  },
  {
    "id": 1185,
    "date": "2024-03-22",
    "first_round_shooting_time": "3:45 PM",
    "second_round_shooting_time": "4:45 PM",
    "first_round": "09",
    "second_round": "31"
  },
  {
    "id": 1184,
    "date": "2024-03-21",
    "first_round_shooting_time": "3:45 PM",
    "second_round_shooting_time": "4:45 PM",
    "first_round": "80",
    "second_round": "00"
  },
  {
    "id": 1183,
    "date": "2024-03-20",
    "first_round_shooting_time": "3:45 PM",
    "second_round_shooting_time": "4:45 PM",
    "first_round": "35",
    "second_round": "75"
  },
  {
    "id": 1182,
    "date": "2024-03-19",
    "first_round_shooting_time": "3:45 PM",
    "second_round_shooting_time": "4:45 PM",
    "first_round": "84",
    "second_round": "38"
  },
  {
    "id": 1181,
    "date": "2024-03-18",
    "first_round_shooting_time": "3:45 PM",
    "second_round_shooting_time": "4:45 PM",
    "first_round": "86",
    "second_round": "59"
  },
  {
    "id": 1180,
    "date": "2024-03-16",
    "first_round_shooting_time": "3:45 PM",
    "second_round_shooting_time": "4:45 PM",
    "first_round": "50",
    "second_round": "78"
  },
  {
    "id": 1179,
    "date": "2024-03-15",
    "first_round_shooting_time": "3:45 PM",
    "second_round_shooting_time": "4:45 PM",
    "first_round": "36",
    "second_round": "85"
  },
  {
    "id": 1178,
    "date": "2024-03-14",
    "first_round_shooting_time": "3:45 PM",
    "second_round_shooting_time": "4:45 PM",
    "first_round": "45",
    "second_round": "46"
  },
  {
    "id": 1177,
    "date": "2024-03-13",
    "first_round_shooting_time": "3:45 PM",
    "second_round_shooting_time": "4:45 PM",
    "first_round": "79",
    "second_round": "41"
  },
  {
    "id": 1176,
    "date": "2024-03-12",
    "first_round_shooting_time": "3:45 PM",
    "second_round_shooting_time": "4:55 PM",
    "first_round": "35",
    "second_round": "67"
  },
  {
    "id": 1175,
    "date": "2024-03-11",
    "first_round_shooting_time": "3:45 PM",
    "second_round_shooting_time": "4:45 PM",
    "first_round": "08",
    "second_round": "86"
  },
  {
    "id": 1174,
    "date": "2024-03-09",
    "first_round_shooting_time": "3:45 PM",
    "second_round_shooting_time": "4:45 PM",
    "first_round": "31",
    "second_round": "41"
  },
  {
    "id": 1173,
    "date": "2024-03-08",
    "first_round_shooting_time": "3:45 PM",
    "second_round_shooting_time": "4:45 PM",
    "first_round": "96",
    "second_round": "44"
  },
  {
    "id": 1172,
    "date": "2024-03-07",
    "first_round_shooting_time": "3:45 PM",
    "second_round_shooting_time": "4:45 PM",
    "first_round": "07",
    "second_round": "32"
  },
  {
    "id": 1171,
    "date": "2024-03-06",
    "first_round_shooting_time": "3:45 PM",
    "second_round_shooting_time": "4:45 PM",
    "first_round": "22",
    "second_round": "27"
  },
  {
    "id": 1170,
    "date": "2024-03-05",
    "first_round_shooting_time": "3:45 PM",
    "second_round_shooting_time": "4:45 PM",
    "first_round": "37",
    "second_round": "95"
  },
  {
    "id": 1169,
    "date": "2024-03-04",
    "first_round_shooting_time": "3:45 PM",
    "second_round_shooting_time": "4:45 PM",
    "first_round": "49",
    "second_round": "34"
  },
  {
    "id": 1168,
    "date": "2024-03-02",
    "first_round_shooting_time": "3:45 PM",
    "second_round_shooting_time": "4:45 PM",
    "first_round": "06",
    "second_round": "76"
  },
  {
    "id": 1167,
    "date": "2024-03-01",
    "first_round_shooting_time": "3:45 PM",
    "second_round_shooting_time": "4:45 PM",
    "first_round": "62",
    "second_round": "66"
  },
  {
    "id": 1166,
    "date": "2024-02-29",
    "first_round_shooting_time": "3:45 PM",
    "second_round_shooting_time": "4:45 PM",
    "first_round": "01",
    "second_round": "46"
  },
  {
    "id": 1165,
    "date": "2024-02-28",
    "first_round_shooting_time": "3:45 PM",
    "second_round_shooting_time": "4:45 PM",
    "first_round": "18",
    "second_round": "67"
  },
  {
    "id": 1164,
    "date": "2024-02-27",
    "first_round_shooting_time": "3:45 PM",
    "second_round_shooting_time": "4:45 PM",
    "first_round": "13",
    "second_round": "58"
  },
  {
    "id": 1163,
    "date": "2024-02-26",
    "first_round_shooting_time": "3:45 PM",
    "second_round_shooting_time": "4:45 PM",
    "first_round": "71",
    "second_round": "66"
  },
  {
    "id": 1162,
    "date": "2024-02-24",
    "first_round_shooting_time": "3:45 PM",
    "second_round_shooting_time": "4:45 PM",
    "first_round": "45",
    "second_round": "22"
  },
  {
    "id": 1161,
    "date": "2024-02-23",
    "first_round_shooting_time": "3:45 PM",
    "second_round_shooting_time": "4:45 PM",
    "first_round": "82",
    "second_round": "27"
  },
  {
    "id": 1160,
    "date": "2024-02-22",
    "first_round_shooting_time": "3:45 PM",
    "second_round_shooting_time": "4:45 PM",
    "first_round": "05",
    "second_round": "54"
  },
  {
    "id": 1159,
    "date": "2024-02-21",
    "first_round_shooting_time": "3:45 PM",
    "second_round_shooting_time": "4:45 PM",
    "first_round": "87",
    "second_round": "50"
  },
  {
    "id": 1158,
    "date": "2024-02-20",
    "first_round_shooting_time": "3:45 PM",
    "second_round_shooting_time": "4:45 PM",
    "first_round": "80",
    "second_round": "21"
  },
  {
    "id": 1157,
    "date": "2024-02-19",
    "first_round_shooting_time": "3:45 PM",
    "second_round_shooting_time": "4:45 PM",
    "first_round": "66",
    "second_round": "48"
  },
  {
    "id": 1156,
    "date": "2024-02-17",
    "first_round_shooting_time": "3:45 PM",
    "second_round_shooting_time": "4:45 PM",
    "first_round": "10",
    "second_round": "85"
  },
  {
    "id": 1155,
    "date": "2024-02-16",
    "first_round_shooting_time": "3:45 PM",
    "second_round_shooting_time": "4:45 PM",
    "first_round": "07",
    "second_round": "28"
  },
  {
    "id": 1154,
    "date": "2024-02-15",
    "first_round_shooting_time": "3:45 PM",
    "second_round_shooting_time": "4:45 PM",
    "first_round": "95",
    "second_round": "17"
  },
  {
    "id": 1153,
    "date": "2024-02-14",
    "first_round_shooting_time": "3:45 PM",
    "second_round_shooting_time": "4:45 PM",
    "first_round": "95",
    "second_round": "34"
  },
  {
    "id": 1152,
    "date": "2024-02-13",
    "first_round_shooting_time": "3:45 PM",
    "second_round_shooting_time": "4:45 PM",
    "first_round": "82",
    "second_round": "01"
  },
  {
    "id": 1151,
    "date": "2024-02-12",
    "first_round_shooting_time": "3:30 PM",
    "second_round_shooting_time": "4:30 PM",
    "first_round": "54",
    "second_round": "43"
  },
  {
    "id": 1150,
    "date": "2024-02-10",
    "first_round_shooting_time": "3:30 PM",
    "second_round_shooting_time": "4:30 PM",
    "first_round": "02",
    "second_round": "07"
  },
  {
    "id": 1149,
    "date": "2024-02-09",
    "first_round_shooting_time": "3:30 PM",
    "second_round_shooting_time": "4:30 PM",
    "first_round": "65",
    "second_round": "80"
  },
  {
    "id": 1148,
    "date": "2024-02-08",
    "first_round_shooting_time": "3:30 PM",
    "second_round_shooting_time": "4:30 PM",
    "first_round": "81",
    "second_round": "21"
  },
  {
    "id": 1147,
    "date": "2024-02-07",
    "first_round_shooting_time": "3:30 PM",
    "second_round_shooting_time": "4:30 PM",
    "first_round": "80",
    "second_round": "94"
  },
  {
    "id": 1146,
    "date": "2024-02-06",
    "first_round_shooting_time": "3:30 PM",
    "second_round_shooting_time": "4:30 PM",
    "first_round": "56",
    "second_round": "83"
  },
  {
    "id": 1145,
    "date": "2024-02-05",
    "first_round_shooting_time": "3:30 PM",
    "second_round_shooting_time": "4:30 PM",
    "first_round": "48",
    "second_round": "39"
  },
  {
    "id": 1144,
    "date": "2024-02-03",
    "first_round_shooting_time": "3:30 PM",
    "second_round_shooting_time": "4:40 PM",
    "first_round": "11",
    "second_round": "39"
  },
  {
    "id": 1143,
    "date": "2024-02-02",
    "first_round_shooting_time": "3:30 PM",
    "second_round_shooting_time": "4:30 PM",
    "first_round": "88",
    "second_round": "49"
  },
  {
    "id": 1142,
    "date": "2024-02-01",
    "first_round_shooting_time": "3:30 PM",
    "second_round_shooting_time": "4:30 PM",
    "first_round": "96",
    "second_round": "36"
  },
  {
    "id": 1141,
    "date": "2024-01-31",
    "first_round_shooting_time": "3:30 PM",
    "second_round_shooting_time": "4:30 PM",
    "first_round": "11",
    "second_round": "41"
  },
  {
    "id": 1140,
    "date": "2024-01-30",
    "first_round_shooting_time": "3:30 PM",
    "second_round_shooting_time": "4:30 PM",
    "first_round": "03",
    "second_round": "47"
  },
  {
    "id": 1139,
    "date": "2024-01-29",
    "first_round_shooting_time": "3:30 PM",
    "second_round_shooting_time": "4:30 PM",
    "first_round": "81",
    "second_round": "70"
  },
  {
    "id": 1138,
    "date": "2024-01-27",
    "first_round_shooting_time": "3:30 PM",
    "second_round_shooting_time": "4:30 PM",
    "first_round": "75",
    "second_round": "42"
  },
  {
    "id": 1137,
    "date": "2024-01-26",
    "first_round_shooting_time": "3:30 PM",
    "second_round_shooting_time": "4:30 PM",
    "first_round": "09",
    "second_round": "01"
  },
  {
    "id": 1136,
    "date": "2024-01-25",
    "first_round_shooting_time": "3:30 PM",
    "second_round_shooting_time": "4:30 PM",
    "first_round": "10",
    "second_round": "42"
  },
  {
    "id": 1135,
    "date": "2024-01-24",
    "first_round_shooting_time": "3:30 PM",
    "second_round_shooting_time": "4:30 PM",
    "first_round": "26",
    "second_round": "63"
  },
  {
    "id": 1134,
    "date": "2024-01-23",
    "first_round_shooting_time": "3:30 PM",
    "second_round_shooting_time": "4:30 PM",
    "first_round": "72",
    "second_round": "16"
  },
  {
    "id": 1133,
    "date": "2024-01-22",
    "first_round_shooting_time": "3:30 PM",
    "second_round_shooting_time": "4:30 PM",
    "first_round": "24",
    "second_round": "98"
  },
  {
    "id": 1132,
    "date": "2024-01-20",
    "first_round_shooting_time": "3:30 PM",
    "second_round_shooting_time": "4:30 PM",
    "first_round": "76",
    "second_round": "32"
  },
  {
    "id": 1131,
    "date": "2024-01-19",
    "first_round_shooting_time": "3:30 PM",
    "second_round_shooting_time": "4:30 PM",
    "first_round": "10",
    "second_round": "61"
  },
  {
    "id": 1130,
    "date": "2024-01-18",
    "first_round_shooting_time": "3:30 PM",
    "second_round_shooting_time": "4:30 PM",
    "first_round": "69",
    "second_round": "05"
  },
  {
    "id": 1129,
    "date": "2024-01-17",
    "first_round_shooting_time": "3:30 PM",
    "second_round_shooting_time": "4 :30 PM",
    "first_round": "17",
    "second_round": "81"
  },
  {
    "id": 1128,
    "date": "2024-01-16",
    "first_round_shooting_time": "3:30 PM",
    "second_round_shooting_time": "4:30 PM",
    "first_round": "85",
    "second_round": "18"
  },
  {
    "id": 1127,
    "date": "2024-01-15",
    "first_round_shooting_time": "3:30 PM",
    "second_round_shooting_time": "4:30 PM",
    "first_round": "16",
    "second_round": "31"
  },
  {
    "id": 1126,
    "date": "2024-01-13",
    "first_round_shooting_time": "3:30 PM",
    "second_round_shooting_time": "4:30 PM",
    "first_round": "91",
    "second_round": "60"
  },
  {
    "id": 1125,
    "date": "2024-01-12",
    "first_round_shooting_time": "3:30 PM",
    "second_round_shooting_time": "4:30 PM",
    "first_round": "68",
    "second_round": "33"
  },
  {
    "id": 1124,
    "date": "2024-01-11",
    "first_round_shooting_time": "3:30 PM",
    "second_round_shooting_time": "4:30 PM",
    "first_round": "18",
    "second_round": "58"
  },
  {
    "id": 1123,
    "date": "2024-01-10",
    "first_round_shooting_time": "3:30 PM",
    "second_round_shooting_time": "4:30 PM",
    "first_round": "40",
    "second_round": "84"
  },
  {
    "id": 1122,
    "date": "2024-01-09",
    "first_round_shooting_time": "3:30 PM",
    "second_round_shooting_time": "4:30 PM",
    "first_round": "13",
    "second_round": "81"
  },
  {
    "id": 1121,
    "date": "2024-01-08",
    "first_round_shooting_time": "3:30 PM",
    "second_round_shooting_time": "4:30 PM",
    "first_round": "84",
    "second_round": "33"
  },
  {
    "id": 1120,
    "date": "2024-01-06",
    "first_round_shooting_time": "3:30 PM",
    "second_round_shooting_time": "4:30 PM",
    "first_round": "68",
    "second_round": "09"
  },
  {
    "id": 1119,
    "date": "2024-01-05",
    "first_round_shooting_time": "3:30 PM",
    "second_round_shooting_time": "4:30 PM",
    "first_round": "02",
    "second_round": "72"
  },
  {
    "id": 1118,
    "date": "2024-01-04",
    "first_round_shooting_time": "3:30 PM",
    "second_round_shooting_time": "4:30 PM",
    "first_round": "03",
    "second_round": "94"
  },
  {
    "id": 1117,
    "date": "2024-01-03",
    "first_round_shooting_time": "3:30 PM",
    "second_round_shooting_time": "4:30 PM",
    "first_round": "78",
    "second_round": "32"
  },
  {
    "id": 1116,
    "date": "2024-01-02",
    "first_round_shooting_time": "3:30 PM",
    "second_round_shooting_time": "4:30 PM",
    "first_round": "53",
    "second_round": "96"
  },
  {
    "id": 1115,
    "date": "2024-01-01",
    "first_round_shooting_time": "3:30 PM",
    "second_round_shooting_time": "4:30 PM",
    "first_round": "66",
    "second_round": "05"
  },
  {
    "id": 1114,
    "date": "2023-12-30",
    "first_round_shooting_time": "3:30 PM",
    "second_round_shooting_time": "4:30 PM",
    "first_round": "94",
    "second_round": "00"
  },
  {
    "id": 1113,
    "date": "2023-12-29",
    "first_round_shooting_time": "3:30 PM",
    "second_round_shooting_time": "4:40 PM",
    "first_round": "75",
    "second_round": "23"
  },
  {
    "id": 1112,
    "date": "2023-12-28",
    "first_round_shooting_time": "3:30 PM",
    "second_round_shooting_time": "4:30 PM",
    "first_round": "06",
    "second_round": "00"
  },
  {
    "id": 1111,
    "date": "2023-12-27",
    "first_round_shooting_time": "3:30 PM",
    "second_round_shooting_time": "4:30 PM",
    "first_round": "12",
    "second_round": "50"
  },
  {
    "id": 1110,
    "date": "2023-12-26",
    "first_round_shooting_time": "3:30 PM",
    "second_round_shooting_time": "4:30 PM",
    "first_round": "93",
    "second_round": "91"
  },
  {
    "id": 1109,
    "date": "2023-12-25",
    "first_round_shooting_time": "3:30 PM",
    "second_round_shooting_time": "4:30 PM",
    "first_round": "90",
    "second_round": "83"
  },
  {
    "id": 1108,
    "date": "2023-12-23",
    "first_round_shooting_time": "3:30 PM",
    "second_round_shooting_time": "4:30 PM",
    "first_round": "71",
    "second_round": "77"
  },
  {
    "id": 1107,
    "date": "2023-12-22",
    "first_round_shooting_time": "3:30 PM",
    "second_round_shooting_time": "4:30 PM",
    "first_round": "69",
    "second_round": "43"
  },
  {
    "id": 1106,
    "date": "2023-12-21",
    "first_round_shooting_time": "3:30 PM",
    "second_round_shooting_time": "4:40 PM",
    "first_round": "82",
    "second_round": "13"
  },
  {
    "id": 1105,
    "date": "2023-12-20",
    "first_round_shooting_time": "3:30 PM",
    "second_round_shooting_time": "4:30 PM",
    "first_round": "65",
    "second_round": "76"
  },
  {
    "id": 1104,
    "date": "2023-12-19",
    "first_round_shooting_time": "3:30 PM",
    "second_round_shooting_time": "4:30 PM",
    "first_round": "22",
    "second_round": "80"
  },
  {
    "id": 1103,
    "date": "2023-12-18",
    "first_round_shooting_time": "3:30 PM",
    "second_round_shooting_time": "4:30 PM",
    "first_round": "53",
    "second_round": "45"
  },
  {
    "id": 1102,
    "date": "2023-12-16",
    "first_round_shooting_time": "3:30 PM",
    "second_round_shooting_time": "4:30 PM",
    "first_round": "85",
    "second_round": "92"
  },
  {
    "id": 1101,
    "date": "2023-12-15",
    "first_round_shooting_time": "3:30 PM",
    "second_round_shooting_time": "4:30 PM",
    "first_round": "12",
    "second_round": "73"
  },
  {
    "id": 1100,
    "date": "2023-12-14",
    "first_round_shooting_time": "3:30 PM",
    "second_round_shooting_time": "4:30 PM",
    "first_round": "50",
    "second_round": "92"
  },
  {
    "id": 1099,
    "date": "2023-12-13",
    "first_round_shooting_time": "3:30 PM",
    "second_round_shooting_time": "4:30 PM",
    "first_round": "80",
    "second_round": "14"
  },
  {
    "id": 1098,
    "date": "2023-12-12",
    "first_round_shooting_time": "3:30 PM",
    "second_round_shooting_time": "4:30 PM",
    "first_round": "49",
    "second_round": "37"
  },
  {
    "id": 1097,
    "date": "2023-12-11",
    "first_round_shooting_time": "3:30 PM",
    "second_round_shooting_time": "4:40 PM",
    "first_round": "68",
    "second_round": "81"
  },
  {
    "id": 1096,
    "date": "2023-12-09",
    "first_round_shooting_time": "3:30 PM",
    "second_round_shooting_time": "4:30 PM",
    "first_round": "67",
    "second_round": "83"
  },
  {
    "id": 1095,
    "date": "2023-12-08",
    "first_round_shooting_time": "3:30 PM",
    "second_round_shooting_time": "4:30 PM",
    "first_round": "70",
    "second_round": "69"
  },
  {
    "id": 1094,
    "date": "2023-12-07",
    "first_round_shooting_time": "3:30 PM",
    "second_round_shooting_time": "4:30 PM",
    "first_round": "54",
    "second_round": "74"
  },
  {
    "id": 1093,
    "date": "2023-12-06",
    "first_round_shooting_time": "3:30 PM",
    "second_round_shooting_time": "4:30 PM",
    "first_round": "51",
    "second_round": "17"
  },
  {
    "id": 1092,
    "date": "2023-12-05",
    "first_round_shooting_time": "3:30 PM",
    "second_round_shooting_time": "4:30 PM",
    "first_round": "00",
    "second_round": "50"
  },
  {
    "id": 1091,
    "date": "2023-12-04",
    "first_round_shooting_time": "3:30 PM",
    "second_round_shooting_time": "4:30 PM",
    "first_round": "83",
    "second_round": "46"
  },
  {
    "id": 1090,
    "date": "2023-12-02",
    "first_round_shooting_time": "3:30 PM",
    "second_round_shooting_time": "4:30 PM",
    "first_round": "82",
    "second_round": "22"
  },
  {
    "id": 1089,
    "date": "2023-12-01",
    "first_round_shooting_time": "3:30 PM",
    "second_round_shooting_time": "4:30 PM",
    "first_round": "11",
    "second_round": "67"
  },
  {
    "id": 1088,
    "date": "2023-11-30",
    "first_round_shooting_time": "3:30 PM",
    "second_round_shooting_time": "4:30 PM",
    "first_round": "25",
    "second_round": "89"
  },
  {
    "id": 1087,
    "date": "2023-11-29",
    "first_round_shooting_time": "3:30 PM",
    "second_round_shooting_time": "4:30 PM",
    "first_round": "73",
    "second_round": "09"
  },
  {
    "id": 1086,
    "date": "2023-11-28",
    "first_round_shooting_time": "3:30 PM",
    "second_round_shooting_time": "4:30 PM",
    "first_round": "27",
    "second_round": "49"
  },
  {
    "id": 1085,
    "date": "2023-11-27",
    "first_round_shooting_time": "3:30 PM",
    "second_round_shooting_time": "4:30 PM",
    "first_round": "89",
    "second_round": "18"
  },
  {
    "id": 1084,
    "date": "2023-11-25",
    "first_round_shooting_time": "3:30 PM",
    "second_round_shooting_time": "4:30 PM",
    "first_round": "24",
    "second_round": "40"
  },
  {
    "id": 1083,
    "date": "2023-11-24",
    "first_round_shooting_time": "3:30 PM",
    "second_round_shooting_time": "4:30 PM",
    "first_round": "71",
    "second_round": "09"
  },
  {
    "id": 1082,
    "date": "2023-11-23",
    "first_round_shooting_time": "3:30 PM",
    "second_round_shooting_time": "4:30 PM",
    "first_round": "60",
    "second_round": "26"
  },
  {
    "id": 1081,
    "date": "2023-11-22",
    "first_round_shooting_time": "3:30 PM",
    "second_round_shooting_time": "4:30 PM",
    "first_round": "25",
    "second_round": "16"
  },
  {
    "id": 1080,
    "date": "2023-11-21",
    "first_round_shooting_time": "3:30 PM",
    "second_round_shooting_time": "4:30 PM",
    "first_round": "89",
    "second_round": "66"
  },
  {
    "id": 1079,
    "date": "2023-11-20",
    "first_round_shooting_time": "3:30 PM",
    "second_round_shooting_time": "4:30 PM",
    "first_round": "60",
    "second_round": "84"
  },
  {
    "id": 1078,
    "date": "2023-11-18",
    "first_round_shooting_time": "3:30 PM",
    "second_round_shooting_time": "4:30 PM",
    "first_round": "67",
    "second_round": "03"
  },
  {
    "id": 1077,
    "date": "2023-11-17",
    "first_round_shooting_time": "3:30 PM",
    "second_round_shooting_time": "4:30 PM",
    "first_round": "83",
    "second_round": "95"
  },
  {
    "id": 1076,
    "date": "2023-11-16",
    "first_round_shooting_time": "3:30 PM",
    "second_round_shooting_time": "4:30 PM",
    "first_round": "02",
    "second_round": "44"
  },
  {
    "id": 1075,
    "date": "2023-11-15",
    "first_round_shooting_time": "3:30 PM",
    "second_round_shooting_time": "4:30 PM",
    "first_round": "46",
    "second_round": "70"
  },
  {
    "id": 1074,
    "date": "2023-11-14",
    "first_round_shooting_time": "3:30 PM",
    "second_round_shooting_time": "4:30 PM",
    "first_round": "64",
    "second_round": "75"
  },
  {
    "id": 1073,
    "date": "2023-11-13",
    "first_round_shooting_time": "3:30 PM",
    "second_round_shooting_time": "4:30 PM",
    "first_round": "02",
    "second_round": "53"
  },
  {
    "id": 1072,
    "date": "2023-11-11",
    "first_round_shooting_time": "3:30 PM",
    "second_round_shooting_time": "4:30 PM",
    "first_round": "49",
    "second_round": "49"
  },
  {
    "id": 1071,
    "date": "2023-11-10",
    "first_round_shooting_time": "3:30 PM",
    "second_round_shooting_time": "4:30 PM",
    "first_round": "73",
    "second_round": "26"
  },
  {
    "id": 1070,
    "date": "2023-11-09",
    "first_round_shooting_time": "3:30 PM",
    "second_round_shooting_time": "4:30 PM",
    "first_round": "06",
    "second_round": "71"
  },
  {
    "id": 1069,
    "date": "2023-11-08",
    "first_round_shooting_time": "3:30 PM",
    "second_round_shooting_time": "4:30 PM",
    "first_round": "68",
    "second_round": "43"
  },
  {
    "id": 1068,
    "date": "2023-11-07",
    "first_round_shooting_time": "3:30 PM",
    "second_round_shooting_time": "4:30 PM",
    "first_round": "89",
    "second_round": "36"
  }
]
